id,email,password,first_name,last_name,birth_date,nationality,phone,address,user_type ,profile_pic,joined_date,is_active,is_approved
1,emma.johnson@example.com,hash123,Emma,Johnson,15/04/1990,USA,-555,"123 Maple Street, New York",traveler,profile1.jpg,44:10.4,1,0
2,liam.smith@example.com,hash124,Liam,Smith,22/03/1985,Canada,-556,"456 Oak Avenue, Toronto",traveler,profile2.jpg,44:10.4,1,0
3,olivia.brown@example.com,hash125,Olivia,Brown,09/07/1992,UK,-557,"789 Pine Lane, London",traveler,profile3.jpg,44:10.4,1,0
4,noah.jones@example.com,hash126,Noah,Jones,11/10/1988,Australia,-558,"321 Cedar Street, Sydney",traveler,profile4.jpg,44:10.4,1,0
5,ava.miller@example.com,hash127,Ava,Miller,05/12/1993,India,-559,"654 Birch Road, Delhi",traveler,profile5.jpg,44:10.4,1,0
6,isabella.davis@example.com,hash128,Isabella,Davis,17/05/1991,USA,-560,"111 Spruce Blvd, Chicago",traveler,profile6.jpg,44:10.4,1,0
7,sophia.garcia@example.com,hash129,Sophia,Garcia,30/11/1994,Canada,-561,"222 Elm Drive, Vancouver",traveler,profile7.jpg,44:10.4,1,0
8,william.martinez@example.com,hash130,William,Martinez,19/08/1986,UK,-562,"333 Ash Way, Birmingham",traveler,profile8.jpg,44:10.4,1,0
9,james.rodriguez@example.com,hash131,James,Rodriguez,14/06/1987,Australia,-563,"444 Beech Street, Melbourne",traveler,profile9.jpg,44:10.4,1,0
10,mia.hernandez@example.com,hash132,Mia,Hernandez,27/02/1990,India,-564,"555 Fir Avenue, Mumbai",traveler,profile10.jpg,44:10.4,1,0
11,lucas.white@example.com,hash133,Lucas,White,20/01/1980,USA,-565,"678 Walnut Rd, Boston",tour_operator,profile11.jpg,44:10.4,1,0
12,amelia.harris@example.com,hash134,Amelia,Harris,15/09/1982,Canada,-566,"789 Chestnut Ave, Calgary",tour_operator,profile12.jpg,44:10.4,1,0
13,benjamin.clark@example.com,hash135,Benjamin,Clark,10/04/1979,UK,-567,"890 Redwood St, Manchester",tour_operator,profile13.jpg,44:10.4,1,0
14,harper.lewis@example.com,hash136,Harper,Lewis,18/06/1983,Australia,-568,"901 Cypress Rd, Perth",tour_operator,profile14.jpg,44:10.4,1,0
15,ethan.walker@example.com,hash137,Ethan,Walker,23/12/1981,India,-569,"112 Maple Grove, Chennai",tour_operator,profile15.jpg,44:10.4,1,0
16,evelyn.young@example.com,hash138,Evelyn,Young,05/08/1978,USA,-570,"131 Poplar Ct, Denver",tour_operator,profile16.jpg,44:10.4,1,0
17,henry.hall@example.com,hash139,Henry,Hall,29/03/1985,Canada,-571,"141 Tamarack Ave, Montreal",tour_operator,profile17.jpg,44:10.4,1,0
18,scarlett.adams@example.com,hash140,Scarlett,Adams,07/07/1984,UK,-572,"151 Willow St, Liverpool",tour_operator,profile18.jpg,44:10.4,1,0
19,jackson.baker@example.com,hash141,Jackson,Baker,14/02/1977,Australia,-573,"161 Magnolia Blvd, Brisbane",tour_operator,profile19.jpg,44:10.4,1,0
20,victoria.nelson@example.com,hash142,Victoria,Nelson,01/11/1986,India,-574,"171 Acacia Dr, Pune",tour_operator,profile20.jpg,44:10.4,1,0
21,logan.campbell@example.com,hash143,Logan,Campbell,10/09/1990,USA,-575,"181 Pineview Rd, Phoenix",service_provider,profile21.jpg,44:10.4,1,0
22,grace.mitchell@example.com,hash144,Grace,Mitchell,20/06/1992,Canada,-576,"191 Larch St, Edmonton",service_provider,profile22.jpg,44:10.4,1,0
23,sebastian.carter@example.com,hash145,Sebastian,Carter,01/04/1993,UK,-577,"201 Spruce Grove, Leeds",service_provider,profile23.jpg,44:10.4,1,0
24,zoey.rivera@example.com,hash146,Zoey,Rivera,25/03/1991,Australia,-578,"211 Fir Circle, Adelaide",service_provider,profile24.jpg,44:10.4,1,0
25,matthew.gray@example.com,hash147,Matthew,Gray,30/01/1989,India,-579,"221 Redwood Path, Jaipur",service_provider,profile25.jpg,44:10.4,1,0
26,riley.ward@example.com,hash148,Riley,Ward,12/08/1990,USA,-580,"231 Pine Hollow, Seattle",service_provider,profile26.jpg,44:10.4,1,0
27,nathan.turner@example.com,hash149,Nathan,Turner,05/10/1988,Canada,-581,"241 Sycamore Way, Ottawa",service_provider,profile27.jpg,44:10.4,1,0
28,lily.parker@example.com,hash150,Lily,Parker,03/11/1994,UK,-582,"251 Oakleaf Rd, Bristol",service_provider,profile28.jpg,44:10.4,1,0
29,daniel.morris@example.com,hash151,Daniel,Morris,13/09/1987,Australia,-583,"261 Mapleview Dr, Hobart",service_provider,profile29.jpg,44:10.4,1,0
30,ellie.reed@example.com,hash152,Ellie,Reed,15/05/1995,India,-584,"271 Garden Rd, Hyderabad",service_provider,profile30.jpg,44:10.4,1,0
31,julian.cook@example.com,hash153,Julian,Cook,11/03/1986,USA,-585,"281 Horizon Lane, Miami",service_provider,profile31.jpg,44:10.4,1,0
32,nora.bell@example.com,hash154,Nora,Bell,01/01/1992,Canada,-586,"291 Misty Ridge, Halifax",service_provider,profile32.jpg,44:10.4,1,0
33,leonard.cox@example.com,hash155,Leonard,Cox,04/04/1984,UK,-587,"301 Brookside, Sheffield",service_provider,profile33.jpg,44:10.4,1,0
34,hannah.woods@example.com,hash156,Hannah,Woods,22/07/1983,Australia,-588,"311 Fieldstone Ct, Canberra",service_provider,profile34.jpg,44:10.4,1,0
35,isaac.bailey@example.com,hash157,Isaac,Bailey,28/05/1989,India,-589,"321 Lakeview Blvd, Kolkata",service_provider,profile35.jpg,44:10.4,1,0
36,madison.brooks@example.com,hash158,Madison,Brooks,15/06/1990,USA,-590,"331 Evergreen Ave, San Jose",service_provider,profile36.jpg,44:10.4,1,0
37,theo.murphy@example.com,hash159,Theo,Murphy,08/10/1991,Canada,-591,"341 Highland Trail, Winnipeg",service_provider,profile37.jpg,44:10.4,1,0
38,penelope.patterson@example.com,hash160,Penelope,Patterson,02/12/1988,UK,-592,"351 Ashford Road, Glasgow",service_provider,profile38.jpg,44:10.4,1,0
39,christopher.richards@example.com,hash161,Christopher,Richards,18/09/1985,Australia,-593,"361 Sunridge Way, Darwin",service_provider,profile39.jpg,44:10.4,1,0
40,stella.price@example.com,hash162,Stella,Price,10/03/1993,India,-594,"371 Blossom St, Ahmedabad",service_provider,profile40.jpg,44:10.4,1,0
41,admin01@example.com,hash163,System,Admin1,01/01/1980,USA,-595,Admin HQ 1,admin,NULL,44:10.4,1,0
42,admin02@example.com,hash164,System,Admin2,01/01/1981,Canada,-596,Admin HQ 2,admin,NULL,44:10.4,1,0
43,admin03@example.com,hash165,System,Admin3,01/01/1982,UK,-597,Admin HQ 3,admin,NULL,44:10.4,1,0
44,admin04@example.com,hash166,System,Admin4,01/01/1983,Australia,-598,Admin HQ 4,admin,NULL,44:10.4,1,0
45,admin05@example.com,hash167,System,Admin5,01/01/1984,India,-599,Admin HQ 5,admin,NULL,44:10.4,1,0
46,admin06@example.com,hash168,System,Admin6,01/01/1985,USA,-600,Admin HQ 6,admin,NULL,44:10.4,1,0
47,admin07@example.com,hash169,System,Admin7,01/01/1986,Canada,-601,Admin HQ 7,admin,NULL,44:10.4,1,0
48,admin08@example.com,hash170,System,Admin8,01/01/1987,UK,-602,Admin HQ 8,admin,NULL,44:10.4,1,0
49,admin09@example.com,hash171,System,Admin9,01/01/1988,Australia,-603,Admin HQ 9,admin,NULL,44:10.4,1,0
50,admin10@example.com,hash172,System,Admin10,01/01/1989,India,-604,Admin HQ 10,admin,NULL,44:10.4,1,0
